UserID,UserName,Age,Gender,Email
0,2862,15,1,2062
1,109,29,0,993
2,1882,33,0,904
3,843,23,0,479
4,824,21,1,1432
5,1095,21,1,2869
6,944,24,1,1658
7,20,33,0,2381
8,1004,20,0,467
9,2128,34,0,317
10,151,15,0,986
11,1840,15,0,2080
12,411,33,0,1860
13,1059,30,1,900
14,2567,27,0,1474
15,1319,32,1,107
16,2582,24,1,2044
17,1949,24,0,175
18,2236,24,0,1530
19,788,27,0,772
20,173,15,1,1412
21,2038,31,1,2593
22,1805,32,1,196
23,2491,18,0,2098
24,888,34,1,1155
25,95,19,1,1182
26,1061,31,1,2325
27,2969,30,0,2345
28,987,30,1,1978
29,581,34,1,2276
30,1622,30,1,842
31,2739,18,1,117
32,2278,25,1,1625
33,1078,32,0,2413
34,410,32,1,374
35,505,24,0,1604
36,1587,31,0,814
37,2847,35,1,1541
38,232,16,0,1846
39,294,15,1,2020
40,138,19,0,1113
41,437,32,1,2073
42,2640,31,1,957
43,2224,19,1,2772
44,2273,23,0,1898
45,2713,29,0,1061
46,2809,34,1,1594
47,2856,19,1,2978
48,1916,32,1,2597
49,2189,33,1,2550
50,516,32,0,274
51,541,25,0,2677
52,2555,34,0,247
53,1226,22,0,2328
54,961,31,0,1869
55,2736,22,0,1716
56,2597,18,1,443
57,718,30,0,1282
58,728,32,1,111
59,33,26,1,2499
60,2755,32,0,2954
61,1046,28,0,2569
62,1592,34,0,681
63,664,33,0,918
64,1790,29,1,362
65,2884,26,0,950
66,1213,28,0,908
67,1693,32,1,1781
68,849,27,0,2882
69,1773,25,0,2767
70,1444,30,0,954
71,962,17,0,2441
72,1400,16,1,1680
73,1971,19,1,996
74,1014,22,1,2646
75,1369,34,1,103
76,2396,20,1,2431
77,28,32,0,198
78,6,28,1,2531
79,1888,35,0,521
80,2437,18,0,1743
81,2532,31,1,1183
82,1115,16,1,1463
83,2903,20,1,812
84,2383,22,0,15
85,1946,27,0,133
86,2429,19,0,1145
87,2579,23,1,679
88,172,30,1,354
89,2391,34,1,2576
90,1312,35,1,2043
91,359,31,1,2354
92,2392,16,1,2592
93,2140,27,1,2715
94,1992,20,1,476
95,2807,34,0,2907
96,667,25,1,987
97,2350,31,1,1954
98,2815,29,0,2294
99,2535,32,0,738
100,2295,15,0,2822
101,2777,32,1,472
102,800,30,0,2490
103,642,19,1,1928
104,2440,27,1,2302
105,2404,19,1,438
106,991,18,0,2895
107,1337,32,1,1184
108,79,15,0,56
109,2608,26,0,1481
110,531,24,1,1456
111,2854,34,0,2157
112,201,19,1,1593
113,1639,22,0,1725
114,1847,32,0,617
115,2372,31,1,2132
116,1503,19,0,1785
117,1874,28,0,1726
118,2084,28,1,2875
119,793,15,1,191
120,1055,27,0,719
121,622,21,0,784
122,2217,18,0,710
123,424,19,0,307
124,1815,35,0,2462
125,2971,23,0,1409
126,282,34,0,147
127,1841,35,0,2596
128,2320,19,1,71
129,722,17,1,1386
130,408,19,1,2504
131,1398,22,1,2417
132,1743,21,1,2196
133,2540,26,0,1561
134,1318,17,0,526
135,1831,25,0,2825
136,1546,15,0,725
137,2347,26,1,2690
138,2124,16,0,612
139,2832,24,0,837
140,1176,20,1,1982
141,279,17,0,2517
142,2417,26,1,1657
143,2271,24,0,98
144,2406,23,0,81
145,1074,30,0,2231
146,2045,30,1,223
147,82,35,0,2335
148,1092,17,0,2955
149,1969,25,1,2982
150,1261,16,0,1035
151,1021,19,0,1466
152,2380,35,1,2425
153,1218,29,1,545
154,315,27,1,520
155,2080,17,1,1948
156,621,32,0,695
157,1930,35,0,1633
158,2279,16,1,2256
159,1476,28,0,933
160,1544,25,0,2669
161,401,26,1,1538
162,462,32,0,1333
163,1113,32,1,1256
164,2796,30,1,134
165,353,33,1,1058
166,2284,31,0,1344
167,901,24,0,1830
168,2727,24,1,2948
169,1827,34,0,1704
170,716,24,1,2006
171,1923,35,0,459
172,803,31,1,2065
173,1814,29,1,2429
174,2901,32,0,1605
175,869,34,1,1159
176,2646,29,0,27
177,914,20,1,2292
178,1661,34,1,2650
179,2892,26,0,363
180,2477,32,0,135
181,1906,28,0,2266
182,446,33,1,2747
183,1514,28,1,1997
184,1370,27,1,424
185,47,28,0,1993
186,2560,18,1,2491
187,2255,18,1,2889
188,1531,18,1,1989
189,1050,25,0,1024
190,822,34,1,1242
191,1913,17,1,329
192,2499,33,1,422
193,369,35,1,1128
194,2508,15,1,2122
195,2529,23,0,51
196,2027,35,0,1856
197,284,30,0,1614
198,1835,24,0,654
199,2290,32,1,272
200,2914,16,1,2033
201,175,28,0,1014
202,2322,25,0,2926
203,1618,28,0,2284
204,428,32,1,1722
205,1586,19,0,1922
206,791,33,1,426
207,1475,18,0,1160
208,2028,26,1,2045
209,1895,30,1,2695
210,1717,22,1,78
211,1824,30,0,1663
212,2525,15,1,2423
213,554,24,0,149
214,2335,28,1,1016
215,2563,23,1,2089
216,871,28,1,404
217,937,15,0,1636
218,559,23,0,1378
219,1534,20,1,712
220,1566,27,1,2949
221,217,28,1,864
222,2037,35,0,2946
223,616,15,0,690
224,2409,18,1,877
225,1669,34,0,1196
226,2748,23,1,73
227,1335,18,1,1176
228,397,22,1,1984
229,1374,17,0,2545
230,2270,16,1,2241
231,2628,26,0,1649
232,2266,32,1,2749
233,748,32,1,2821
234,2846,34,1,1357
235,485,25,0,2760
236,125,20,1,1793
237,1333,24,0,1119
238,2730,32,0,138
239,1087,34,0,2534
240,2592,23,0,299
241,2806,27,1,1291
242,2598,24,0,2698
243,1303,28,1,2211
244,2678,31,0,1516
245,2830,31,1,1215
246,708,30,0,1265
247,438,17,1,1457
248,661,35,0,2989
249,941,21,1,1713
250,2524,28,0,605
251,1833,29,0,1186
252,2933,19,1,2525
253,2918,19,0,1377
254,840,26,0,2981
255,2059,35,0,1088
256,555,29,1,1223
257,1666,19,1,2084
258,1197,35,1,501
259,1001,35,1,683
260,566,28,0,2775
261,601,24,1,2287
262,395,15,1,366
263,1853,18,0,2888
264,2835,15,1,1548
265,842,25,0,2026
266,65,34,1,541
267,663,29,0,128
268,261,22,0,1578
269,1381,23,1,2227
270,1551,15,1,1736
271,2881,25,1,190
272,2794,25,0,1266
273,1258,32,0,2572
274,213,28,0,2528
275,377,22,0,1055
276,2006,21,1,1240
277,774,27,1,591
278,1645,24,1,1028
279,2107,15,1,1381
280,177,30,0,491
281,698,19,1,1235
282,1894,28,1,2906
283,851,30,1,796
284,1637,29,0,109
285,113,24,0,777
286,2233,21,0,2549
287,1819,35,1,348
288,434,17,0,1323
289,835,17,0,45
290,1932,16,0,2936
291,102,33,1,1947
292,286,25,0,2225
293,2651,21,0,1294
294,1158,29,1,1711
295,1691,31,0,227
296,1772,29,1,662
297,2489,32,1,2643
298,2757,20,0,1822
299,130,26,0,1783
300,2395,26,1,2991
301,1918,34,0,2751
302,799,35,1,243
303,1632,35,1,1827
304,2947,22,1,1148
305,1,28,1,1399
306,2005,33,0,1502
307,373,26,1,1514
308,900,27,1,1234
309,585,26,0,180
310,1652,18,0,1775
311,965,30,0,1270
312,2139,29,0,157
313,2580,19,0,409
314,2474,31,0,689
315,1142,19,0,2694
316,2845,19,1,665
317,682,20,1,319
318,2950,15,0,1376
319,971,29,1,2239
320,1774,28,1,2667
321,1072,23,1,2877
322,1082,21,0,2293
323,2875,16,1,99
324,2589,26,1,413
325,160,25,0,1135
326,970,31,0,508
327,906,29,0,1446
328,744,20,0,2112
329,1342,15,0,2083
330,1252,17,1,2940
331,2473,25,1,2177
332,365,26,0,2664
333,638,24,0,713
334,862,33,0,2579
335,1826,19,1,2496
336,1462,29,0,1317
337,290,23,0,2743
338,756,29,1,2397
339,884,30,1,1054
340,894,24,1,8
341,1899,26,0,2250
342,22,31,1,1618
343,1192,17,1,1074
344,2820,16,1,411
345,1715,33,0,921
346,669,32,0,2675
347,2827,30,0,286
348,825,28,1,894
349,814,17,1,1174
350,364,18,0,1401
351,538,28,1,1837
352,2799,34,0,1203
353,729,35,1,505
354,1276,15,0,306
355,658,21,0,1621
356,2920,15,0,936
357,1262,19,1,2682
358,1199,29,0,636
359,2119,32,1,2785
360,2093,18,0,586
361,785,16,1,846
362,994,32,0,1485
363,533,34,1,303
364,223,30,0,1025
365,889,28,1,1612
366,2249,21,1,2606
367,1779,26,1,383
368,199,19,1,2945
369,328,17,1,1086
370,924,17,0,1191
371,249,23,1,1342
372,544,26,0,2709
373,1028,28,0,469
374,2099,34,0,1283
375,1164,29,1,2899
376,87,21,0,163
377,495,21,0,1442
378,857,20,1,2443
379,2172,23,0,1921
380,2216,32,1,797
381,1704,25,1,499
382,1780,29,0,1422
383,1334,32,0,1832
384,1765,20,1,364
385,868,29,0,429
386,742,29,0,1287
387,1151,18,1,484
388,2127,27,0,975
389,1920,18,0,554
390,1885,19,0,1433
391,475,19,0,1616
392,2309,30,1,1175
393,637,30,0,2685
394,1378,22,0,637
395,2460,30,1,425
396,2014,16,1,2813
397,258,27,0,2166
398,2893,31,0,1062
399,118,23,1,2118
400,419,21,0,249
401,1710,23,1,2603
402,2496,34,0,994
403,1633,21,0,517
404,671,24,1,2921
405,1838,33,1,1718
406,2979,23,1,1735
407,1105,19,0,2111
408,1194,35,1,1694
409,195,33,1,474
410,2246,17,0,50
411,2142,24,0,2823
412,2401,23,1,1845
413,2096,25,1,1033
414,1590,31,0,748
415,2424,17,0,1974
416,763,32,0,1027
417,127,23,0,2270
418,2858,21,0,2777
419,1186,24,0,1222
420,1380,32,1,392
421,2344,15,0,2665
422,2181,27,0,282
423,1501,35,1,840
424,773,19,1,1849
425,2900,21,1,462
426,218,29,0,2261
427,2506,23,1,1560
428,240,23,0,160
429,1677,27,1,325
430,487,15,0,2959
431,2703,31,1,2095
432,726,32,0,5
433,1487,22,1,2809
434,1567,34,0,2291
435,1034,20,0,1627
436,2102,28,1,115
437,760,21,1,139
438,1071,31,0,2215
439,1733,20,0,1606
440,2562,19,1,1798
441,2700,21,0,570
442,625,21,0,2916
443,1887,15,0,495
444,2764,31,0,1858
445,2439,19,0,2375
446,847,23,1,2350
447,2443,27,1,2863
448,317,33,0,88
449,480,20,1,1683
450,2319,20,1,823
451,2843,23,1,165
452,1134,20,1,331
453,1536,28,0,556
454,117,19,1,2398
455,244,24,0,1392
456,80,34,0,2756
457,2975,31,0,958
458,106,22,1,769
459,2946,24,0,2746
460,1493,21,0,2876
461,1598,30,1,559
462,2452,18,0,1335
463,235,25,1,2314
464,867,26,1,1607
465,144,32,0,1685
466,174,34,1,1542
467,928,19,0,2143
468,2376,20,0,1415
469,133,18,0,2845
470,464,31,0,2951
471,1926,22,0,1986
472,2433,32,0,2963
473,2186,31,1,2728
474,2504,24,1,20
475,628,29,0,1284
476,1137,19,1,634
477,1257,30,1,1267
478,522,33,1,2543
479,2239,20,0,1600
480,179,32,0,297
481,1557,33,0,2060
482,2800,22,1,1567
483,2808,16,1,926
484,865,29,0,2819
485,500,21,0,705
486,1402,15,0,72
487,185,20,1,716
488,26,18,1,1631
489,2445,33,1,127
490,293,20,1,2750
491,229,20,0,2470
492,2225,30,1,2061
493,1248,26,1,1122
494,1274,35,0,2562
495,459,29,0,1553
496,465,21,0,519
497,2414,20,0,2027
498,1418,21,1,1927
499,837,16,0,2278
500,88,26,0,1139
501,2192,22,0,2608
502,2265,15,1,153
503,356,16,1,805
504,1752,17,1,1147
505,50,33,0,947
506,1936,15,1,1674
507,535,28,0,2598
508,39,20,0,2159
509,1963,15,1,2232
510,202,28,1,1136
511,1328,22,1,786
512,1411,25,1,1129
513,2546,30,0,1700
514,1697,19,0,1195
515,398,33,0,1549
516,2152,22,0,537
517,1143,20,0,1532
518,2077,27,0,1047
519,2544,29,1,565
520,57,26,0,1930
521,2118,21,1,294
522,518,31,1,2635
523,1486,24,1,2849
524,2745,31,1,558
525,687,24,1,745
526,1872,18,1,1500
527,2883,26,0,1903
528,2581,25,1,750
529,2861,35,0,1647
530,969,24,1,2833
531,2463,15,0,2774
532,260,29,1,2295
533,1821,27,0,1651
534,2280,23,1,852
535,1636,35,0,2781
536,2004,25,0,943
537,2321,20,1,142
538,1179,25,1,920
539,1114,15,1,1900
540,632,19,1,1839
541,769,32,1,2492
542,307,18,0,1608
543,2848,30,1,952
544,325,18,0,2378
545,1914,25,1,2100
546,1607,19,0,1117
547,2722,32,0,2622
548,93,17,0,2563
549,953,17,1,1341
550,988,35,1,780
551,1934,30,0,2458
552,2819,15,1,2392
553,2635,18,1,2835
554,2275,17,0,2410
555,1699,25,0,1831
556,1513,31,1,414
557,1468,32,1,2445
558,1293,20,1,1708
559,556,32,1,216
560,2069,33,1,241
561,670,23,0,1870
562,1093,31,0,2859
563,1954,15,1,74
564,2573,28,1,1484
565,2989,31,1,575
566,702,20,1,1813
567,1604,16,0,1875
568,549,15,0,927
569,686,27,1,2486
570,2649,22,0,2782
571,1208,32,1,2254
572,812,30,1,13
573,2587,33,0,2208
574,2539,35,1,1094
575,982,16,1,1260
576,2165,17,0,453
577,2018,26,1,1540
578,2785,34,1,841
579,2824,24,0,733
580,2281,32,0,1306
581,2782,26,1,896
582,2129,21,0,415
583,426,31,0,342
584,1185,19,0,879
585,765,21,1,41
586,1770,22,0,1828
587,2411,24,1,1544
588,1724,19,0,1411
589,314,19,1,1340
590,1434,35,1,1096
591,186,18,0,639
592,815,23,1,820
593,945,20,1,2850
594,1049,29,1,6
595,1054,26,1,1007
596,2534,28,0,1413
597,10,28,1,2461
598,1507,33,1,1370
599,2079,21,1,2213
600,904,24,1,158
601,416,25,0,1250
602,2886,35,1,573
603,1771,30,0,1350
604,926,30,0,2205
605,2618,33,0,856
606,243,30,1,569
607,23,31,1,209
608,1671,33,0,543
609,767,19,1,1738
610,443,30,1,1156
611,1431,23,1,2447
612,1211,24,1,2036
613,2327,23,0,405
614,1892,20,1,1623
615,1327,19,0,1697
616,256,18,0,939
617,2237,22,1,2047
618,303,32,0,2768
619,131,30,1,1970
620,2444,20,1,1419
621,2894,28,0,1072
622,1997,23,0,698
623,2187,34,0,1188
624,1461,28,1,1207
625,751,19,1,1920
626,2253,34,0,2584
627,580,32,0,339
628,2644,20,0,2257
629,2666,17,1,1563
630,998,20,1,60
631,2974,26,0,1780
632,2185,35,0,48
633,254,15,0,2123
634,652,26,0,2318
635,2024,21,0,853
636,1407,22,0,2333
637,168,19,0,1929
638,2879,33,0,1390
639,1286,31,1,2939
640,1901,32,1,1458
641,2238,17,1,509
642,530,20,0,2000
643,1865,20,0,2944
644,618,23,0,1329
645,2458,29,0,1171
646,2203,26,0,1421
647,1647,19,1,1770
648,2594,32,1,2589
649,2899,26,0,2364
650,1851,29,1,1339
651,528,16,0,430
652,2575,15,1,1865
653,720,24,1,291
654,1149,33,0,267
655,2725,31,1,1310
656,216,23,1,2546
657,649,23,0,2616
658,604,33,1,2214
659,860,22,1,1011
660,2243,23,0,588
661,931,30,0,675
662,305,35,1,792
663,1609,17,1,1236
664,1532,35,1,1888
665,1070,30,0,1672
666,1984,18,0,795
667,1167,34,0,1048
668,2951,20,0,1371
669,575,17,1,1958
670,264,18,0,1666
671,83,15,1,686
672,1791,24,0,1015
673,2481,21,1,2988
674,1036,20,0,564
675,2143,32,1,2406
676,1246,35,0,1620
677,310,33,0,619
678,1879,28,1,1872
679,2035,35,0,1731
680,1711,32,1,1039
681,1857,33,1,1114
682,802,20,0,2085
683,1438,28,0,281
684,1973,29,0,2651
685,1479,35,0,2022
686,2200,29,0,2469
687,375,30,0,62
688,1708,19,0,1231
689,390,29,0,1588
690,331,16,0,774
691,2156,27,1,2674
692,2365,35,0,2656
693,947,33,0,361
694,781,31,0,1857
695,707,25,1,2332
696,2177,32,0,2415
697,2071,32,0,2368
698,1962,20,1,185
699,75,25,1,2264
700,48,32,1,2794
701,2261,22,0,1180
702,2664,32,0,1070
703,2740,30,1,1307
704,1642,15,1,1962
705,1296,21,1,1361
706,759,29,1,1961
707,2272,29,0,2501
708,2925,23,0,1998
709,2758,19,1,1934
710,164,27,1,65
711,2805,27,0,1177
712,1309,17,0,1942
713,527,25,1,2233
714,2574,25,0,490
715,2749,29,1,523
716,1796,34,0,2799
717,441,27,0,1823
718,640,25,0,1987
719,477,17,0,333
720,18,20,0,447
721,2457,16,0,1850
722,2569,35,1,242
723,730,16,0,2070
724,1696,28,0,488
725,2467,26,0,822
726,1175,33,0,2666
727,2572,17,1,500
728,2772,30,1,2828
729,1915,30,1,1098
730,681,16,1,2488
731,99,22,1,631
732,786,28,0,2187
733,886,20,1,507
734,285,17,1,1797
735,2917,19,0,1891
736,584,18,1,666
737,1442,29,0,511
738,2263,25,0,1448
739,1627,34,0,2053
740,1308,33,0,2280
741,2510,29,1,485
742,1410,19,1,1915
743,2531,15,1,2434
744,481,29,0,1575
745,295,28,1,1879
746,2386,28,0,868
747,954,30,0,2135
748,2522,18,1,2454
749,299,23,0,335
750,35,19,1,2624
751,942,30,1,1318
752,794,28,1,2113
753,2797,33,1,608
754,821,31,1,2401
755,912,33,0,2561
756,932,22,0,477
757,1097,16,1,2880
758,1207,22,1,42
759,666,21,0,2522
760,2773,31,1,239
761,1663,22,0,1591
762,386,16,1,1969
763,1828,18,1,2481
764,371,31,0,338
765,2169,31,0,345
766,1073,16,0,1102
767,380,19,1,692
768,1935,16,0,399
769,2095,29,1,1586
770,150,18,1,1613
771,1580,24,0,292
772,2634,25,0,1363
773,2115,27,1,1290
774,2622,29,0,970
775,2438,26,0,2201
776,657,29,1,1615
777,568,33,1,1551
778,2726,24,0,2806
779,444,32,0,990
780,1631,18,0,1733
781,1023,25,1,976
782,1283,35,0,563
783,1982,22,0,2509
784,807,17,0,1814
785,1267,32,0,2574
786,49,29,0,2002
787,536,24,1,1264
788,706,17,0,1050
789,2802,16,0,1043
790,893,34,0,1788
791,2154,20,1,2114
792,1140,19,1,89
793,2986,23,0,668
794,2089,34,0,1478
795,204,22,0,2176
796,648,20,1,305
797,2082,19,0,194
798,553,26,0,173
799,619,29,0,2097
800,2094,32,0,1470
801,854,31,1,2538
802,2780,26,1,1935
803,38,24,0,2763
804,2413,18,0,874
805,1037,27,1,1004
806,1680,35,0,2583
807,2159,27,0,2379
808,2576,24,1,2103
809,1968,28,1,1482
810,2146,25,0,1515
811,927,24,0,1229
812,1978,33,1,108
813,537,21,0,1052
814,237,17,1,2086
815,1965,34,1,494
816,2912,35,0,24
817,1324,20,0,593
818,1644,28,0,963
819,2197,31,0,922
820,2362,23,1,189
821,1088,35,0,66
822,335,22,1,1398
823,1709,27,1,1383
824,1985,26,1,2243
825,1123,16,1,1686
826,1330,26,0,1924
827,2549,25,1,318
828,1057,22,1,1075
829,496,26,0,2149
830,2475,18,1,1041
831,452,20,0,858
832,119,32,0,2922
833,491,30,1,876
834,1297,33,0,1336
835,2763,29,0,1821
836,2523,28,1,2620
837,1263,25,0,1100
838,2206,33,1,151
839,1499,18,1,834
840,2097,29,0,2984
841,1277,21,0,2467
842,563,21,1,2457
843,206,26,1,2174
844,1529,25,0,2420
845,890,16,1,76
846,520,23,1,21
847,2866,28,1,37
848,2040,20,1,2604
849,442,26,1,293
850,1117,21,1,972
851,2381,23,1,1933
852,2123,24,1,1268
853,1162,28,1,1228
854,466,15,0,1345
855,1172,21,0,12
856,2231,15,1,888
857,1047,20,1,1380
858,490,22,1,859
859,403,23,0,2355
860,456,22,0,2840
861,2688,18,0,2930
862,361,23,0,435
863,2558,22,0,2803
864,2935,27,1,1451
865,1446,30,1,1424
866,1372,30,1,2479
867,308,16,0,1199
868,1395,19,1,1044
869,2352,22,1,1489
870,977,26,1,2206
871,1558,27,1,2706
872,1928,28,1,667
873,539,25,1,2797
874,1539,23,1,534
875,2493,27,1,924
876,283,35,1,40
877,935,31,1,480
878,92,18,0,2934
879,336,15,1,1289
880,1148,34,0,204
881,2683,34,0,18
882,301,27,0,162
883,571,19,1,875
884,1873,28,0,2308
885,269,22,0,1387
886,1307,17,1,871
887,2956,15,1,2338
888,2240,31,0,940
889,1101,31,0,1356
890,436,28,0,123
891,1295,35,1,1285
892,695,15,1,1315
893,710,28,0,729
894,2389,15,1,909
895,349,29,0,1753
896,2981,20,1,2262
897,1820,24,0,887
898,963,19,1,2931
899,1491,26,0,2927
900,14,23,0,1308
901,1100,29,1,487
902,2287,29,0,2030
903,1496,16,0,2758
904,1597,15,1,610
905,1938,34,0,1854
906,2013,23,0,16
907,2643,16,0,2390
908,1506,35,0,2817
909,2155,20,0,561
910,2113,15,0,1225
911,126,28,1,2513
912,248,35,0,1841
913,918,22,1,618
914,2085,24,0,417
915,665,20,1,555
916,2681,28,0,2798
917,1646,35,1,1388
918,1518,28,1,2789
919,2251,18,0,2185
920,1925,26,1,1389
921,2305,31,0,1021
922,2377,29,0,1950
923,923,34,1,2652
924,2633,31,1,1904
925,608,32,1,1861
926,1406,26,1,1617
927,2699,33,0,386
928,2566,25,0,1227
929,1247,34,1,1208
930,2073,31,1,1210
931,2939,21,1,2152
932,2174,27,0,1884
933,457,15,0,1281
934,96,16,0,1065
935,1684,30,0,1082
936,1464,35,1,257
937,1428,30,1,2683
938,2180,18,1,207
939,226,15,0,2071
940,2199,20,0,1835
941,929,21,1,1351
942,2043,21,0,504
943,1749,28,0,1940
944,1755,27,0,1213
945,470,20,0,831
946,2086,31,0,2279
947,1178,34,1,1008
948,85,16,1,749
949,1619,33,0,83
950,2067,15,1,245
951,845,22,0,743
952,1575,31,1,2182
953,749,21,0,1405
954,1043,35,0,493
955,2359,21,0,1477
956,502,22,1,2912
957,2723,28,0,737
958,1234,22,1,358
959,2965,17,1,1233
960,2937,31,1,782
961,1896,20,1,1158
962,2889,20,0,184
963,1766,16,0,464
964,40,34,0,10
965,655,23,0,206
966,956,15,1,2581
967,2870,21,1,368
968,1441,29,1,1434
969,1549,18,1,1472
970,2896,19,0,2923
971,677,27,0,1402
972,2257,22,1,1705
973,2121,31,1,2518
974,1512,35,0,1397
975,1275,30,1,1681
976,1893,33,0,259
977,1018,18,1,2456
978,219,16,0,2242
979,1995,17,1,845
980,2733,34,1,2965
981,169,27,0,946
982,2212,26,0,2600
983,1077,27,1,1051
984,2345,21,1,2386
985,519,25,1,644
986,1291,27,0,1804
987,959,21,0,26
988,644,26,1,660
989,1972,20,1,991
990,801,30,1,2512
991,8,22,0,2088
992,1118,17,1,577
993,392,29,0,999
994,2928,27,0,2741
995,1285,24,1,1941
996,2768,34,0,765
997,273,18,1,1776
998,2669,33,0,2216
999,2556,16,0,1766
1000,1730,18,1,328
1001,2048,19,1,2384
1002,1111,35,1,396
1003,34,16,0,2170
1004,2991,19,1,808
1005,2942,19,1,2437
1006,2600,30,1,1691
1007,1355,18,1,800
1008,1225,15,0,1943
1009,2470,35,0,1763
1010,2686,18,1,934
1011,135,35,0,1520
1012,2056,22,1,1518
1013,1223,17,1,2527
1014,478,29,1,352
1015,1976,27,0,2373
1016,631,21,0,2681
1017,2397,23,0,2396
1018,1863,27,1,2327
1019,2778,28,1,2439
1020,2208,29,0,2801
1021,340,17,1,1641
1022,715,18,1,635
1023,2915,17,0,867
1024,2684,34,1,1665
1025,1864,33,0,213
1026,354,32,1,2623
1027,879,23,0,2552
1028,1867,15,1,2361
1029,1238,23,0,1354
1030,2729,15,1,2011
1031,323,16,1,1443
1032,679,30,1,2917
1033,2588,18,0,1829
1034,2241,33,1,2761
1035,1282,35,1,471
1036,1200,32,0,2896
1037,2550,33,1,1675
1038,2966,21,0,1893
1039,701,21,0,902
1040,1966,23,0,1428
1041,2897,26,1,195
1042,1045,19,0,691
1043,1519,31,0,1204
1044,263,32,0,1157
1045,1076,28,0,2979
1046,2351,29,0,2754
1047,1067,16,0,2719
1048,2465,34,1,615
1049,406,25,0,395
1050,813,18,0,2820
1051,2752,22,0,881
1052,915,26,0,2599
1053,1138,20,0,1143
1054,909,22,0,2903
1055,1003,15,1,2129
1056,1748,33,1,2253
1057,1284,34,0,39
1058,1254,30,1,2380
1059,714,34,0,390
1060,29,22,0,2452
1061,1420,22,0,2212
1062,650,31,0,2147
1063,1921,26,0,1932
1064,2505,15,1,234
1065,1180,19,0,1504
1066,1413,17,1,652
1067,68,32,0,156
1068,1298,35,1,2658
1069,1676,32,1,1002
1070,2514,19,0,1583
1071,1859,32,1,581
1072,1510,23,1,776
1073,630,26,0,2305
1074,2148,17,1,70
1075,1788,20,1,482
1076,1877,24,0,1723
1077,542,27,1,1049
1078,1166,21,1,381
1079,153,30,0,2557
1080,2705,26,0,323
1081,983,25,1,770
1082,1685,29,1,1917
1083,2112,24,1,1679
1084,241,26,0,1894
1085,2972,29,0,445
1086,483,19,1,1508
1087,2016,21,1,2430
1088,2507,17,0,264
1089,1570,25,0,1525
1090,1585,29,0,1864
1091,2708,34,0,1882
1092,2743,23,0,379
1093,591,30,1,1709
1094,1391,21,0,866
1095,1375,18,1,791
1096,2,29,0,676
1097,2248,17,0,2898
1098,1338,35,0,830
1099,2985,24,0,2365
1100,1940,33,1,179
1101,280,23,0,1795
1102,2954,22,1,1878
1103,2303,29,1,1729
1104,320,27,1,2788
1105,1270,31,1,506
1106,417,30,0,2309
1107,2513,16,1,2471
1108,440,24,0,992
1109,863,23,0,1488
1110,808,31,1,818
1111,313,24,0,514
1112,880,22,0,143
1113,770,32,1,2139
1114,1958,18,1,214
1115,2813,21,0,448
1116,281,23,0,35
1117,743,31,1,647
1118,330,17,0,810
1119,162,35,0,2077
1120,2131,20,1,843
1121,1394,29,0,1784
1122,874,29,0,1510
1123,2741,30,0,2252
1124,2338,32,0,1404
1125,2888,15,1,973
1126,55,28,0,2209
1127,2774,31,0,433
1128,2260,28,0,321
1129,347,28,1,898
1130,1241,25,1,1517
1131,2337,27,0,365
1132,1849,35,0,2288
1133,350,19,0,1737
1134,1311,22,1,2957
1135,362,35,1,1644
1136,1099,28,0,1312
1137,2905,22,0,862
1138,497,22,0,2871
1139,1725,29,0,1089
1140,1866,17,0,240
1141,1861,27,1,720
1142,1806,31,1,2223
1143,839,29,0,2807
1144,1015,15,0,542
1145,1069,15,1,23
1146,2803,15,1,753
1147,1787,28,1,1447
1148,1154,26,0,1790
1149,1937,20,1,1454
1150,1236,28,0,566
1151,2062,34,1,1703
1152,2494,15,0,93
1153,1243,24,1,1358
1154,1345,32,0,688
1155,2267,30,1,1590
1156,731,31,0,2130
1157,2957,35,1,1754
1158,1673,26,0,597
1159,1153,15,0,2521
1160,2011,33,1,1806
1161,1096,19,0,2533
1162,1767,24,1,1319
1163,782,25,0,2240
1164,1130,24,1,152
1165,878,21,1,882
1166,1654,16,0,1695
1167,598,27,0,1279
1168,1860,31,0,951
1169,692,27,0,2928
1170,2432,19,1,861
1171,2636,30,1,1246
1172,529,26,0,2040
1173,613,15,0,1431
1174,1762,20,0,174
1175,1041,20,1,1313
1176,1417,16,1,1449
1177,1794,21,0,2064
1178,31,31,0,2161
1179,509,18,1,288
1180,2970,27,0,656
1181,1719,25,0,460
1182,2282,21,0,1110
1183,1612,31,1,1774
1184,1414,28,1,470
1185,2293,34,1,80
1186,2997,35,0,2612
1187,1058,24,1,2402
1188,1415,28,1,726
1189,2054,31,1,2847
1190,2924,28,0,2371
1191,2356,20,0,2202
1192,2553,20,0,1557
1193,2624,32,0,421
1194,467,23,1,773
1195,1890,21,0,285
1196,2402,28,1,2322
1197,1165,33,0,1963
1198,2583,17,0,466
1199,2075,15,0,1393
1200,338,28,1,1739
1201,1008,29,0,1407
1202,1131,15,1,1819
1203,1265,17,0,2814
1204,2724,27,1,811
1205,2388,15,0,130
1206,2149,30,0,2165
1207,1471,27,0,1983
1208,1660,20,1,166
1209,1640,22,0,886
1210,2908,32,0,623
1211,415,18,0,304
1212,2765,20,0,2204
1213,2677,31,0,2151
1214,1219,15,0,2887
1215,2256,15,1,980
1216,1623,25,0,277
1217,2781,34,1,1787
1218,418,16,1,937
1219,1224,29,0,2128
1220,1560,32,1,938
1221,184,19,0,351
1222,2571,23,0,327
1223,2753,23,0,2530
1224,1807,30,0,1167
1225,1754,31,0,1066
1226,891,15,1,1803
1227,98,28,1,744
1228,887,27,0,314
1229,653,23,0,258
1230,1492,21,0,2776
1231,724,27,0,1093
1232,2995,28,1,2349
1233,1269,27,1,1603
1234,2959,27,0,1953
1235,277,20,0,1023
1236,2363,24,1,79
1237,2484,35,1,2810
1238,2488,20,1,2304
1239,1432,16,1,2
1240,1556,25,1,1717
1241,2519,22,1,988
1242,311,31,0,1269
1243,2330,30,0,2160
1244,827,35,1,2449
1245,2694,27,1,401
1246,142,19,1,1507
1247,2091,16,1,121
1248,27,25,1,2855
1249,2250,27,0,890
1250,2198,29,1,458
1251,1908,19,0,2046
1252,1362,17,1,169
1253,2671,23,1,2421
1254,205,29,0,857
1255,2471,32,1,746
1256,1412,29,0,1976
1257,2223,25,1,2673
1258,771,18,0,1154
1259,1060,31,0,1083
1260,1732,25,1,2990
1261,511,29,0,1747
1262,2932,17,0,2009
1263,1157,15,1,832
1264,688,23,1,1486
1265,2052,18,0,640
1266,1682,30,0,1554
1267,1183,33,1,1452
1268,603,25,0,813
1269,733,19,1,263
1270,1795,23,0,717
1271,2125,16,0,1577
1272,1272,31,0,85
1273,2498,32,0,838
1274,745,35,1,2448
1275,819,27,0,1107
1276,134,26,0,1760
1277,838,16,0,1859
1278,1517,29,0,452
1279,883,26,0,1696
1280,898,23,0,892
1281,2451,26,1,1078
1282,1322,15,1,571
1283,148,34,0,2541
1284,523,35,0,2837
1285,809,27,1,1042
1286,750,33,0,1091
1287,550,18,1,2663
1288,2776,35,0,1661
1289,1668,16,1,1427
1290,1344,34,0,2548
1291,1563,29,1,119
1292,641,33,1,2551
1293,1904,30,1,2259
1294,2375,34,0,1912
1295,907,21,0,2195
1296,2431,27,1,1808
1297,1900,22,0,2186
1298,66,28,0,1648
1299,1313,19,1,816
1300,1020,27,1,116
1301,1292,19,0,1761
1302,1191,23,0,309
1303,2060,33,0,1817
1304,422,22,0,2839
1305,2009,22,1,779
1306,1368,16,0,2587
1307,2288,23,1,1352
1308,2648,35,1,2319
1309,960,21,0,481
1310,1678,27,1,100
1311,453,16,1,2710
1312,1931,31,1,1187
1313,2501,26,0,553
1314,327,33,1,740
1315,316,31,0,2725
1316,2604,32,0,1714
1317,116,18,0,1146
1318,2822,25,1,382
1319,2812,20,1,2718
1320,2737,35,1,1746
1321,1360,26,0,187
1322,1569,15,1,2193
1323,492,24,1,1550
1324,2689,18,0,2602
1325,2982,15,0,2124
1326,2948,23,1,1581
1327,76,27,1,1099
1328,221,15,0,2251
1329,2083,20,0,2191
1330,2130,16,1,2453
1331,1457,20,1,94
1332,70,15,1,2500
1333,2520,35,0,1629
1334,1686,16,0,2647
1335,1085,33,1,1325
1336,2852,32,0,2169
1337,2630,15,1,1741
1338,2311,35,1,2924
1339,1509,32,0,2352
1340,2570,29,1,761
1341,72,25,1,87
1342,2538,32,1,266
1343,1081,25,0,1221
1344,967,19,1,752
1345,778,16,1,356
1346,262,20,1,1168
1347,1594,29,0,1366
1348,1504,26,1,1759
1349,1147,16,0,2171
1350,1634,16,1,2627
1351,753,25,1,2841
1352,2750,20,0,649
1353,2709,15,1,2054
1354,2029,28,0,1320
1355,1279,26,0,2172
1356,1168,28,0,2796
1357,121,31,1,2726
1358,1897,18,0,322
1359,1472,22,0,2874
1360,1423,31,1,1638
1361,2998,26,1,2752
1362,2066,25,1,2197
1363,2090,16,0,1309
1364,2609,25,1,1792
1365,1628,29,0,1120
1366,191,22,1,628
1367,2044,24,0,2626
1368,44,21,1,932
1369,1304,21,0,2235
1370,1641,22,1,1885
1371,1716,19,0,567
1372,2873,24,1,1659
1373,623,32,0,2644
1374,846,22,1,718
1375,934,28,1,538
1376,2422,16,1,77
1377,2674,35,1,2582
1378,363,22,1,295
1379,2526,26,1,758
1380,552,15,1,2179
1381,1068,22,0,2050
1382,850,32,1,1073
1383,2578,23,0,1585
1384,2568,33,0,2483
1385,2639,16,1,2937
1386,2292,21,0,2537
1387,1854,27,1,1206
1388,2046,30,1,2755
1389,775,33,0,2489
1390,1875,30,1,518
1391,660,29,0,2153
1392,758,30,1,727
1393,1653,26,0,244
1394,1692,31,1,2363
1395,1988,17,0,210
1396,2747,28,1,49
1397,508,23,0,326
1398,1844,20,1,2041
1399,1002,21,0,1165
1400,1161,19,0,1992
1401,948,19,0,759
1402,454,27,1,1068
1403,1035,18,0,353
1404,63,35,1,2724
1405,2929,21,0,1896
1406,1589,34,0,754
1407,1621,18,1,613
1408,1136,31,1,817
1409,252,17,1,2680
1410,595,21,1,1652
1411,1845,16,1,2289
1412,676,24,1,2326
1413,573,35,0,1322
1414,2693,18,1,205
1415,2783,22,0,2110
1416,1387,26,0,2508
1417,1409,20,0,268
1418,2145,34,0,1417
1419,762,34,0,394
1420,1385,22,1,2705
1421,163,16,1,1258
1422,737,25,1,1379
1423,703,28,0,2299
1424,2710,25,0,1883
1425,1891,24,1,1276
1426,976,25,1,574
1427,2258,35,0,378
1428,246,31,0,1109
1429,2660,19,0,1880
1430,56,34,0,489
1431,1314,17,0,1529
1432,1452,16,0,2864
1433,2754,24,1,2405
1434,1404,16,1,1108
1435,52,34,0,1965
1436,848,33,0,971
1437,2161,30,0,603
1438,1739,22,1,1619
1439,873,20,0,905
1440,2283,24,0,854
1441,2058,34,0,1690
1442,2650,17,0,1132
1443,1721,29,1,2868
1444,2775,29,1,47
1445,2326,32,0,2730
1446,831,17,0,768
1447,1614,25,0,296
1448,2910,34,1,516
1449,515,16,0,2804
1450,1228,17,1,1546
1451,662,23,1,1067
1452,2334,17,1,2238
1453,2577,18,0,1985
1454,143,22,0,384
1455,881,30,1,2369
1456,1063,27,1,222
1457,1960,24,1,2162
1458,739,17,0,860
1459,2109,32,0,2969
1460,1528,16,1,380
1461,2734,27,1,2836
1462,1204,30,0,2844
1463,1090,33,1,2619
1464,1453,33,1,2432
1465,2840,22,1,1778
1466,2191,19,0,61
1467,2675,28,0,1273
1468,84,29,0,2336
1469,1371,28,1,1057
1470,855,19,0,2306
1471,2834,27,0,1826
1472,1952,17,0,1244
1473,2418,20,1,1003
1474,2213,20,1,824
1475,1436,35,0,2856
1476,2076,17,0,1833
1477,1574,35,0,63
1478,1390,25,0,2812
1479,2992,20,0,590
1480,576,20,1,437
1481,59,17,1,2686
1482,1884,18,1,434
1483,2662,17,1,2340
1484,1040,16,1,431
1485,694,17,1,764
1486,582,17,0,1977
1487,1547,27,1,2601
1488,1850,27,1,855
1489,2817,19,0,1973
1490,2967,17,0,2891
1491,222,23,0,92
1492,1599,18,0,2987
1493,2676,32,1,1095
1494,2907,31,0,2056
1495,1384,22,0,829
1496,388,35,0,2092
1497,1332,15,1,513
1498,1881,30,0,271
1499,1579,15,1,1873
1500,600,23,1,181
1501,2482,28,0,1938
1502,1359,30,0,502
1503,2117,31,1,512
1504,957,35,1,2377
1505,1903,34,1,2878
1506,5,18,0,742
1507,1595,34,1,1000
1508,210,15,0,2438
1509,2182,16,0,1749
1510,870,15,1,2739
1511,2502,19,1,2514
1512,2720,23,1,995
1513,507,25,1,607
1514,2297,35,0,557
1515,586,19,1,2793
1516,1576,26,1,1479
1517,367,21,1,968
1518,431,16,1,1071
1519,1776,26,0,931
1520,885,34,0,2042
1521,2769,31,0,2297
1522,719,16,1,1524
1523,13,30,0,2038
1524,1583,32,0,982
1525,1202,20,1,2273
1526,1630,29,0,985
1527,2606,16,1,2654
1528,2814,19,0,220
1529,2126,16,1,703
1530,287,30,0,706
1531,41,28,0,341
1532,2171,16,0,492
1533,2252,28,1,154
1534,1456,20,1,2460
1535,949,33,0,2178
1536,2135,27,0,2716
1537,2603,27,0,2400
1538,1029,24,0,1936
1539,145,30,0,1656
1540,189,29,0,821
1541,1343,18,0,2067
1542,2441,25,0,2578
1543,506,31,0,670
1544,852,15,0,2733
1545,2472,34,1,657
1546,493,17,1,2017
1547,2658,35,0,621
1548,1388,34,0,2983
1549,2164,16,1,893
1550,1354,16,1,375
1551,1515,32,1,2633
1552,1760,27,1,693
1553,2436,20,1,1045
1554,2025,23,0,2966
1555,211,23,0,1624
1556,2298,17,1,2025
1557,609,32,1,2450
1558,321,19,1,2072
1559,2744,24,1,925
1560,1837,32,1,2107
1561,510,18,0,1669
1562,2616,35,0,2854
1563,2770,28,0,2536
1564,560,32,1,1667
1565,334,29,1,478
1566,1996,22,1,2014
1567,1650,26,0,2629
1568,1537,35,1,2808
1569,2449,31,1,2303
1570,1950,19,1,1745
1571,981,29,0,17
1572,1196,18,0,962
1573,2823,17,1,1569
1574,2220,15,0,1887
1575,404,35,1,1
1576,2023,30,1,110
1577,2541,26,1,2707
1578,461,31,1,197
1579,2317,15,0,218
1580,1615,30,1,1562
1581,1473,16,1,1923
1582,546,30,0,2975
1583,2492,32,1,283
1584,2735,27,1,310
1585,242,27,1,910
1586,930,27,1,836
1587,2855,32,1,1980
1588,985,16,0,1539
1589,777,33,1,595
1590,2247,32,0,653
1591,2663,33,1,2194
1592,2527,34,1,685
1593,2234,35,1,2901
1594,2294,15,1,2870
1595,2941,22,1,1937
1596,2357,21,0,1972
1597,2977,30,0,1251
1598,2652,29,0,1026
1599,2331,29,0,161
1600,2074,23,0,1444
1601,596,31,0,219
1602,1439,32,1,346
1603,1447,31,0,2615
1604,11,18,1,186
1605,1753,17,0,977
1606,2312,25,1,2004
1607,607,15,0,2786
1608,1294,15,1,2678
1609,1451,31,1,1825
1610,2410,27,1,1247
1611,1056,29,1,1555
1612,36,25,1,2237
1613,1738,17,1,919
1614,53,29,1,1967
1615,1548,20,1,1951
1616,1689,21,1,350
1617,2751,15,0,2283
1618,605,20,0,2831
1619,680,19,0,734
1620,1521,16,0,101
1621,2382,15,0,483
1622,2361,23,1,906
1623,1688,34,0,2827
1624,2564,33,0,336
1625,81,26,0,1077
1626,488,23,0,707
1627,754,26,1,1732
1628,973,28,0,2435
1629,1541,33,1,869
1630,0,18,0,974
1631,2922,21,1,959
1632,2160,34,1,200
1633,1443,35,1,2742
1634,355,18,0,546
1635,2500,19,1,2968
1636,804,30,1,2296
1637,1288,26,1,1601
1638,2687,27,1,2424
1639,2565,23,0,2590
1640,194,17,1,2155
1641,1361,26,1,1063
1642,1868,25,1,801
1643,1386,23,1,211
1644,525,19,1,1192
1645,2878,28,0,641
1646,2456,17,0,1476
1647,1852,22,0,1259
1648,1713,35,1,2564
1649,220,33,1,2641
1650,128,25,0,2024
1651,1683,35,1,1646
1652,2202,21,0,923
1653,1613,22,0,2058
1654,171,23,1,2313
1655,1964,27,1,2387
1656,1610,22,0,2428
1657,2461,31,0,2961
1658,272,27,0,2853
1659,463,25,0,1750
1660,2656,27,0,388
1661,689,28,1,1375
1662,2336,28,0,2722
1663,2346,23,0,2267
1664,1465,34,0,1809
1665,797,28,0,730
1666,2341,23,0,2459
1667,30,27,0,2511
1668,1358,30,0,2032
1669,1364,19,1,387
1670,140,25,1,771
1671,368,15,1,2382
1672,833,16,1,1952
1673,358,27,0,1511
1674,672,17,1,2359
1675,1986,22,1,1491
1676,1843,22,1,2553
1677,421,31,0,2700
1678,489,16,0,2792
1679,2430,30,1,451
1680,318,33,1,2337
1681,1315,21,1,2315
1682,451,19,0,2119
1683,1757,26,0,367
1684,1122,26,0,2919
1685,1910,32,1,2493
1686,636,23,0,594
1687,2719,28,0,1889
1688,337,30,0,1151
1689,1617,27,1,2351
1690,1876,22,1,2607
1691,594,26,1,2016
1692,2323,21,1,212
1693,578,35,1,700
1694,425,32,1,1420
1695,1109,31,0,30
1696,2818,35,1,552
1697,231,28,0,90
1698,1786,23,0,835
1699,2015,25,0,560
1700,2654,22,1,1200
1701,2291,21,0,1123
1702,1022,21,1,551
1703,1993,30,0,2958
1704,2222,28,1,1810
1705,2962,17,0,2779
1706,278,32,1,2950
1707,2934,22,1,930
1708,1480,35,0,2476
1709,61,32,1,1334
1710,1523,15,0,2611
1711,1830,30,1,2765
1712,633,15,1,43
1713,2036,24,0,1092
1714,711,27,1,2745
1715,147,22,0,1866
1716,1000,20,1,393
1717,1817,23,1,1495
1718,2002,32,0,2217
1719,2517,21,0,1198
1720,1624,15,0,1311
1721,534,30,0,2419
1722,1714,32,0,2503
1723,1346,17,1,2412
1724,1483,33,1,2800
1725,2138,32,0,468
1726,2958,15,0,1801
1727,1601,33,0,456
1728,1783,29,0,751
1729,233,27,0,914
1730,104,28,1,1843
1731,2890,17,0,2883
1732,1174,20,0,252
1733,2003,29,1,2637
1734,274,29,1,54
1735,1554,17,1,1707
1736,2384,23,1,601
1737,136,16,0,2144
1738,1731,19,1,170
1739,1259,20,1,527
1740,2685,30,1,1365
1741,1643,30,0,2133
1742,1778,15,1,2771
1743,1250,22,1,1528
1744,1146,21,0,2892
1745,1244,24,1,1960
1746,1520,19,0,687
1747,2842,22,1,1372
1748,818,31,0,1149
1749,2480,24,1,2738
1750,1741,25,0,289
1751,1260,34,0,1527
1752,1478,17,0,253
1753,2122,22,1,1040
1754,105,26,0,1874
1755,2706,21,1,144
1756,2919,26,0,1698
1757,2926,16,0,132
1758,2111,21,1,2407
1759,757,19,1,2482
1760,1675,31,1,897
1761,691,33,1,2218
1762,2399,24,1,1280
1763,504,30,1,949
1764,2042,24,0,1677
1765,1798,33,0,1170
1766,2585,15,0,1076
1767,2673,26,0,2078
1768,1454,15,1,1533
1769,597,22,0,377
1770,348,21,1,215
1771,738,32,0,2684
1772,2552,17,1,826
1773,1039,17,1,2516
1774,1905,31,0,428
1775,2801,30,0,2281
1776,1366,27,1,1513
1777,2081,24,0,2285
1778,2358,31,1,1238
1779,2453,27,1,2200
1780,498,30,1,1622
1781,574,17,0,1742
1782,1745,28,1,790
1783,384,32,0,2248
1784,1720,34,0,847
1785,1305,25,0,1851
1786,1505,30,0,2331
1787,2366,15,1,880
1788,2277,33,0,373
1789,1206,25,1,2357
1790,2211,31,0,2222
1791,407,15,1,2994
1792,46,30,1,2717
1793,1740,26,1,2884
1794,2880,15,0,1263
1795,382,15,1,2079
1796,1571,33,1,19
1797,938,18,1,2770
1798,1104,33,0,1464
1799,1758,25,0,1526
1800,1353,20,1,697
1801,1991,15,0,1497
1802,276,27,0,2540
1803,1951,20,0,2815
1804,296,21,1,2547
1805,1017,26,1,148
1806,2738,31,1,1032
1807,2486,15,1,839
1808,43,24,0,2370
1809,297,15,0,446
1810,1543,28,0,2668
1811,678,17,1,2720
1812,2853,24,0,86
1813,952,17,0,721
1814,2943,30,1,1556
1815,693,21,1,2575
1816,1025,33,1,536
1817,2325,15,1,1596
1818,1485,17,1,2167
1819,2767,24,1,735
1820,236,22,1,2507
1821,979,22,1,529
1822,646,22,1,1689
1823,170,20,1,2404
1824,1160,25,1,2904
1825,1189,17,1,376
1826,1846,28,1,2301
1827,1856,21,1,2498
1828,2784,27,1,669
1829,1116,15,1,945
1830,721,34,0,2091
1831,2170,24,1,2330
1832,304,16,1,1773
1833,2168,33,0,2385
1834,2838,27,1,756
1835,540,32,0,807
1836,1990,24,0,2029
1837,992,24,1,1676
1838,1484,22,0,1410
1839,253,35,0,2446
1840,1221,18,0,1220
1841,2390,33,0,1299
1842,2614,19,0,1347
1843,479,18,0,1118
1844,101,17,0,873
1845,1445,21,0,397
1846,2695,18,0,2568
1847,1230,30,0,1931
1848,734,23,1,1789
1849,1365,29,0,1597
1850,4,20,1,25
1851,2374,19,0,1140
1852,247,31,1,2980
1853,2105,16,1,2347
1854,1494,15,0,1426
1855,473,27,1,1852
1856,139,27,0,334
1857,458,34,0,642
1858,2586,24,0,714
1859,225,19,1,1496
1860,606,28,0,2866
1861,543,24,1,2687
1862,2868,26,1,441
1863,1818,15,1,2614
1864,1326,18,1,2495
1865,589,25,1,2269
1866,1858,24,0,2440
1867,1561,27,0,1668
1868,1977,32,1,533
1869,712,28,0,1461
1870,561,21,1,674
1871,875,28,0,270
1872,1135,26,1,2660
1873,1527,15,0,1460
1874,2839,30,1,2034
1875,2019,17,1,2542
1876,736,19,1,1519
1877,1957,20,0,503
1878,590,32,0,1201
1879,74,26,0,1261
1880,2051,30,1,2605
1881,71,30,0,2391
1882,2829,30,0,2676
1883,1809,20,1,1112
1884,2110,25,0,883
1885,9,17,1,1908
1886,1751,21,0,2008
1887,1289,15,0,1902
1888,255,30,0,2466
1889,2369,18,0,2051
1890,569,35,0,59
1891,2872,16,1,420
1892,1801,23,0,673
1893,2215,35,1,1724
1894,547,35,0,2621
1895,2232,32,0,2403
1896,19,15,0,848
1897,910,26,1,1847
1898,343,25,0,549
1899,2144,19,1,2846
1900,1955,23,1,1910
1901,2031,30,0,455
1902,2332,17,0,1144
1903,1525,17,1,1919
1904,2533,24,0,2074
1905,1048,19,1,678
1906,1032,15,1,22
1907,735,19,1,1956
1908,2428,25,1,2559
1909,1553,28,1,192
1910,2955,22,1,1512
1911,811,24,0,2138
1912,783,24,1,2148
1913,2313,32,0,498
1914,1649,34,0,2356
1915,122,29,1,208
1916,1349,18,0,2484
1917,892,23,1,159
1918,1522,16,0,2639
1919,1728,33,1,2007
1920,1924,24,1,1751
1921,1237,21,1,389
1922,2661,19,1,1252
1923,2196,20,1,2108
1924,224,33,1,2570
1925,978,26,0,2057
1926,2108,27,0,2150
1927,124,33,0,1020
1928,1287,19,1,1202
1929,1422,28,0,391
1930,197,23,0,1414
1931,2184,25,1,1853
1932,178,27,0,788
1933,1079,22,1,2672
1934,1878,33,0,2865
1935,141,23,1,1653
1936,997,21,0,1572
1937,532,33,0,359
1938,2795,35,1,2648
1939,2394,16,0,704
1940,405,26,0,1579
1941,1823,27,1,1630
1942,1112,17,1,2395
1943,1582,19,0,82
1944,181,29,0,1771
1945,2008,19,0,2418
1946,902,27,0,1243
1947,1416,33,0,1521
1948,1089,19,1,528
1949,1350,29,1,1197
1950,2557,19,0,55
1951,2844,15,0,203
1952,2497,19,1,104
1953,2697,35,1,1916
1954,1983,29,0,2586
1955,1239,34,1,255
1956,360,30,1,2505
1957,746,16,1,2824
1958,2340,26,0,2941
1959,1855,19,0,851
1960,1299,30,1,736
1961,2158,19,1,1346
1962,2103,30,1,1369
1963,1734,32,1,1988
1964,2100,19,0,2422
1965,1629,25,0,250
1966,1124,27,0,901
1967,2230,30,0,2341
1968,200,26,1,418
1969,1129,16,0,1509
1970,593,17,0,2632
1971,1181,18,1,1906
1972,2030,30,1,2649
1973,156,31,0,2753
1974,270,29,1,2472
1975,2072,24,1,531
1976,1209,32,1,731
1977,183,26,1,2519
1978,1205,25,0,2816
1979,2990,15,0,2662
1980,2988,27,0,2510
1981,2984,35,0,1205
1982,1051,29,0,911
1983,16,15,0,1807
1984,2876,22,0,2229
1985,2746,29,0,2524
1986,158,15,1,2897
1987,2607,17,0,2203
1988,764,26,0,1580
1989,1747,16,1,2290
1990,51,16,0,2075
1991,513,18,1,2408
1992,251,23,0,1715
1993,352,20,0,2802
1994,787,35,0,324
1995,291,29,0,1758
1996,1764,16,1,2995
1997,433,23,1,562
1998,1672,17,0,2723
1999,1392,32,1,1303
2000,1469,30,1,1710
2001,2141,23,0,2858
2002,1555,31,1,1241
2003,2964,27,1,2811
2004,2446,27,1,903
2005,1746,34,1,38
2006,378,25,0,658
2007,1651,25,1,732
2008,2426,34,1,1385
2009,989,31,1,2125
2010,1577,27,1,1437
2011,1535,17,0,2076
2012,2930,29,0,1300
2013,108,23,0,228
2014,447,30,1,1492
2015,2865,25,1,2971
2016,1466,22,0,337
2017,1768,35,1,2900
2018,2373,25,0,2277
2019,592,18,1,762
2020,157,25,0,2956
2021,2595,27,0,2409
2022,2364,31,0,2245
2023,2053,24,0,311
2024,1363,21,1,2693
2025,557,19,0,106
2026,2543,28,1,2520
2027,1665,35,0,1720
2028,993,28,1,1275
2029,267,28,0,1254
2030,2423,20,1,576
2031,1974,17,1,1522
2032,1133,25,1,956
2033,866,31,0,2529
2034,86,32,1,1332
2035,1110,26,1,1628
2036,2869,18,0,2055
2037,1559,32,0,524
2038,2645,29,1,2748
2039,2707,30,1,2059
2040,995,34,1,1602
2041,673,32,0,899
2042,2033,23,0,1994
2043,1667,24,0,1152
2044,342,28,0,230
2045,1948,17,1,1914
2046,1679,18,0,825
2047,78,19,0,1178
2048,629,22,1,122
2049,1550,28,1,2838
2050,1953,31,0,1571
2051,2826,21,1,2881
2052,517,19,0,2416
2053,1600,23,1,2567
2054,1302,33,0,1373
2055,2442,35,0,1678
2056,2623,16,1,2320
2057,1389,16,1,1301
2058,876,20,0,1327
2059,1266,31,0,1946
2060,472,25,0,265
2061,1694,35,1,1901
2062,1030,26,1,2972
2063,612,35,1,2909
2064,1707,20,1,2372
2065,15,18,1,2146
2066,1474,26,0,11
2067,975,15,1,2829
2068,376,18,1,651
2069,1173,31,0,1111
2070,2503,24,1,1764
2071,2841,16,1,2334
2072,2026,19,0,1721
2073,2368,27,0,624
2074,2478,26,1,2120
2075,861,24,0,1909
2076,2425,24,1,1288
2077,634,34,0,2192
2078,288,29,0,2913
2079,1981,33,1,2068
2080,366,19,0,1212
2081,2201,26,0,1944
2082,182,27,0,1959
2083,154,21,0,672
2084,2469,22,0,1991
2085,2906,30,1,2015
2086,2516,28,0,440
2087,60,18,0,1087
2088,565,16,0,1744
2089,1437,22,0,2134
2090,227,27,1,64
2091,2611,25,0,1734
2092,1329,18,1,515
2093,2877,24,0,1348
2094,1922,32,0,2932
2095,1340,31,1,2358
2096,1159,15,0,1126
2097,922,25,1,2618
2098,430,21,0,1384
2099,832,15,0,598
2100,2055,27,1,1211
2101,2214,20,0,1673
2102,2882,33,1,1009
2103,228,15,1,895
2104,1408,32,0,91
2105,2308,28,0,646
2106,1091,31,1,2645
2107,389,27,0,2210
2108,1862,23,1,1654
2109,1912,25,1,1029
2110,64,21,1,2784
2111,713,22,0,1430
2112,1268,28,0,1812
2113,2521,32,1,1085
2114,2400,18,1,1740
2115,834,32,0,2035
2116,2235,31,1,863
2117,2659,27,1,1396
2118,494,24,0,2031
2119,872,19,1,2366
2120,2088,16,0,1867
2121,1829,32,0,2184
2122,2000,32,1,2464
2123,2454,15,0,793
2124,1053,31,0,2389
2125,2087,22,0,1765
2126,1421,21,0,224
2127,346,30,1,1190
2128,2874,20,0,385
2129,1498,19,1,1468
2130,1909,27,0,1425
2131,1490,20,0,1438
2132,1065,21,1,802
2133,784,31,0,1598
2134,999,31,1,1142
2135,2041,33,1,2938
2136,611,30,1,2766
2137,1080,19,0,1445
2138,1300,23,1,510
2139,1588,21,0,1693
2140,1883,17,1,944
2141,2466,26,0,236
2142,990,24,1,645
2143,1086,15,1,1574
2144,1170,16,0,1331
2145,615,17,1,2442
2146,780,33,1,2136
2147,512,31,0,1587
2148,2931,21,0,655
2149,239,16,0,989
2150,1187,18,0,979
2151,830,35,0,2762
2152,964,18,0,1838
2153,572,16,1,1634
2154,132,16,0,1699
2155,427,34,0,1805
2156,1967,29,1,178
2157,2885,17,0,2487
2158,899,29,0,819
2159,266,21,0,794
2160,238,23,0,1862
2161,2670,25,1,663
2162,1435,29,1,540
2163,2244,25,0,1592
2164,1347,18,1,1635
2165,2887,27,1,125
2166,2599,25,0,1130
2167,579,34,1,276
2168,2034,32,0,2316
2169,1336,24,1,2523
2170,91,31,1,1926
2171,844,34,1,2708
2172,2065,22,0,583
2173,1042,17,0,183
2174,1605,15,0,29
2175,2923,23,1,114
2176,2895,35,1,2558
2177,1429,21,0,2556
2178,2150,27,0,709
2179,1777,31,0,2670
2180,996,27,0,1338
2181,1658,29,1,284
2182,2289,19,1,2411
2183,2821,20,0,343
2184,823,16,1,2310
2185,2983,29,1,2346
2186,1321,21,1,262
2187,1593,17,0,1163
2188,112,18,1,256
2189,2348,19,1,1416
2190,2098,24,1,2736
2191,25,22,0,2066
2192,1723,20,1,1006
2193,2195,18,1,638
2194,2512,27,0,2455
2195,1839,31,0,316
2196,1889,24,0,1435
2197,548,17,0,984
2198,2116,27,1,2571
2199,1792,23,1,2244
2200,1542,20,1,1840
2201,2913,28,1,2655
2202,1171,31,0,953
2203,564,16,0,2158
2204,69,34,0,287
2205,789,31,1,1001
2206,2339,33,0,578
2207,2468,30,1,1834
2208,2766,24,1,804
2209,2953,33,1,1262
2210,772,23,1,2087
2211,1163,33,1,2861
2212,2789,17,1,412
2213,2101,20,0,1084
2214,2259,32,1,2908
2215,859,26,0,2275
2216,2850,21,1,2935
2217,683,17,1,2554
2218,214,29,1,1786
2219,1397,30,1,1364
2220,435,19,0,2117
2221,2021,23,1,298
2222,2791,22,0,2805
2223,1736,18,0,1173
2224,1793,33,0,2872
2225,905,20,0,2920
2226,2657,21,0,1979
2227,1898,19,1,760
2228,2296,34,0,1012
2229,1316,32,0,188
2230,1325,20,1,2142
2231,747,26,0,659
2232,2210,28,1,2993
2233,2637,31,0,2414
2234,1804,15,0,1802
2235,2698,24,0,357
2236,1331,16,1,2426
2237,2064,19,0,2595
2238,370,25,0,1794
2239,1010,33,0,278
2240,1210,29,1,1905
2241,858,29,0,2638
2242,864,16,0,889
2243,1094,34,1,1441
2244,1227,22,1,1505
2245,306,15,0,199
2246,723,15,0,36
2247,1756,29,1,572
2248,828,25,0,1134
2249,413,19,0,141
2250,45,35,1,2915
2251,1107,29,0,1153
2252,1584,22,0,2848
2253,1727,17,0,2324
2254,439,18,0,1295
2255,2398,16,0,1326
2256,1664,19,0,1162
2257,919,21,1,1121
2258,187,32,0,2634
2259,1987,16,0,2001
2260,1545,26,1,2862
2261,1572,31,0,2591
2262,2221,29,0,2532
2263,972,28,0,1343
2264,123,33,1,1219
2265,1038,21,1,229
2266,2742,19,1,1330
2267,1222,29,0,766
2268,152,32,1,778
2269,1822,21,1,1394
2270,1701,20,1,1688
2271,936,23,0,1005
2272,2621,28,1,2890
2273,1177,16,1,2737
2274,1625,23,0,1670
2275,1306,34,0,2960
2276,1596,28,1,1487
2277,2188,20,1,885
2278,1959,29,0,1637
2279,2627,26,0,1462
2280,2963,34,1,416
2281,2911,25,0,95
2282,1500,16,1,1249
2283,2680,28,1,2580
2284,856,28,0,1582
2285,776,32,0,2312
2286,2515,22,1,1895
2287,1064,32,0,627
2288,2721,15,1,2247
2289,1182,25,1,2475
2290,2412,31,0,102
2291,1810,30,1,2843
2292,2528,30,0,587
2293,2207,26,1,279
2294,1376,33,1,261
2295,1687,27,0,1185
2296,1929,28,1,724
2297,2828,22,0,1116
2298,1836,35,0,1253
2299,1744,35,1,1302
2300,1706,18,0,2465
2301,17,30,1,809
2302,570,34,1,715
2303,2653,21,1,1642
2304,1027,19,0,1818
2305,725,18,0,2712
2306,806,22,1,2560
2307,795,15,0,1777
2308,341,23,0,1277
2309,42,15,1,522
2310,1690,23,0,2704
2311,107,28,1,407
2312,816,24,0,967
2313,2798,29,1,2842
2314,1674,34,1,2610
2315,2316,31,0,1248
2316,159,18,1,1748
2317,1403,24,0,370
2318,2994,24,0,2427
2319,2792,17,1,2367
2320,193,26,0,1337
2321,37,28,0,44
2322,2301,29,0,1712
2323,627,34,0,1278
2324,400,15,1,915
2325,1540,32,1,330
2326,2204,29,1,2131
2327,2871,22,0,1439
2328,1357,35,1,741
2329,921,29,0,1237
2330,2909,25,0,2933
2331,943,23,1,1321
2332,1007,32,0,2585
2333,2120,23,0,2905
2334,192,25,0,2228
2335,2898,17,0,1568
2336,2996,18,0,633
2337,469,29,0,302
2338,1103,33,0,52
2339,429,20,1,410
2340,1290,17,1,1164
2341,647,21,1,948
2342,2349,29,1,1355
2343,2833,26,1,131
2344,2419,31,1,2343
2345,1842,34,1,850
2346,1718,27,1,1892
2347,2355,20,1,2255
2348,1031,27,1,1230
2349,1722,31,0,1800
2350,455,22,0,544
2351,166,30,0,2121
2352,2976,16,1,1097
2353,1759,29,0,69
2354,1393,32,0,775
2355,2863,35,1,2526
2356,2554,28,0,1692
2357,514,22,1,2048
2358,1705,32,0,2463
2359,1695,18,0,2826
2360,2626,26,0,1217
2361,1356,33,0,496
2362,1591,15,1,1687
2363,103,29,0,1296
2364,1970,34,0,2711
2365,2857,19,0,1036
2366,387,25,1,427
2367,58,31,1,1459
2368,1184,16,1,1349
2369,2987,24,1,589
2370,1939,34,0,2729
2371,1448,35,1,2661
2372,2642,22,1,2274
2373,1013,22,1,449
2374,1127,33,0,1664
2375,2403,19,0,2163
2376,468,35,1,1558
2377,1440,23,1,1844
2378,230,20,1,2857
2379,2487,24,0,539
2380,1019,31,0,167
2381,2612,32,1,2642
2382,792,21,1,2003
2383,1994,22,1,535
2384,1538,30,1,146
2385,120,35,1,2474
2386,1098,31,1,2757
2387,656,23,1,202
2388,705,33,1,2699
2389,1242,28,0,347
2390,2632,20,0,1353
2391,1102,21,1,1534
2392,110,18,1,604
2393,709,35,1,1053
2394,196,32,0,1671
2395,1245,16,0,2735
2396,2114,22,1,398
2397,2219,26,0,2168
2398,1264,22,1,2023
2399,2274,17,1,1232
2400,332,28,1,1728
2401,2561,19,0,2126
2402,2228,18,0,442
2403,1961,28,1,755
2404,312,25,0,1453
2405,2518,23,0,548
2406,1907,27,1,2376
2407,2936,34,0,232
2408,381,24,0,2173
2409,2731,18,1,2374
2410,2536,31,0,2925
2411,1477,15,0,2298
2412,2701,25,1,137
2413,1212,21,1,2224
2414,1726,33,1,136
2415,1217,24,0,67
2416,1562,34,0,349
2417,372,23,1,2188
2418,2696,17,0,2867
2419,2718,20,0,402
2420,319,15,0,1080
2421,298,21,0,2713
2422,190,32,0,1999
2423,391,31,0,2137
2424,300,24,0,2885
2425,1573,19,0,1408
2426,2756,31,0,1662
2427,333,30,1,799
2428,1524,30,0,1316
2429,289,29,1,2180
2430,1126,16,1,2109
2431,955,30,0,251
2432,2459,15,0,1632
2433,1869,31,1,1298
2434,626,17,1,2731
2435,1128,16,1,360
2436,2665,15,1,1172
2437,1834,28,0,609
2438,2511,22,0,1655
2439,829,26,0,525
2440,2178,33,1,723
2441,1648,23,1,275
2442,1201,22,0,2783
2443,1373,28,0,722
2444,2455,26,0,1255
2445,836,29,1,1559
2446,1271,31,0,465
2447,207,17,1,2818
2448,2342,32,1,2943
2449,1433,30,0,1877
2450,2771,31,1,1450
2451,2353,23,0,1138
2452,1775,29,0,2985
2453,409,28,1,757
2454,2602,34,1,2323
2455,2667,35,1,1141
2456,1761,31,0,1101
2457,2712,26,0,246
2458,176,33,1,2444
2459,2190,21,0,1189
2460,1516,15,0,237
2461,1700,26,1,2028
2462,2668,29,1,1552
2463,2804,21,0,2617
2464,2702,27,1,614
2465,2049,23,1,1925
2466,357,19,1,1418
2467,1880,29,0,2012
2468,2613,21,1,1362
2469,1233,34,1,1382
2470,1425,16,0,1368
2471,2629,17,1,870
2472,111,31,0,2399
2473,2104,27,1,2104
2474,2860,35,1,2973
2475,2810,34,0,2226
2476,2318,17,1,747
2477,2306,30,1,423
2478,2378,19,0,1752
2479,2786,35,1,254
2480,2490,29,1,2577
2481,1190,35,1,105
2482,1941,25,1,32
2483,1919,25,0,2394
2484,449,22,1,532
2485,322,29,1,2535
2486,908,23,1,340
2487,558,27,0,1772
2488,2601,18,1,2998
2489,2902,24,0,2249
2490,1120,17,0,1599
2491,503,19,1,300
2492,1006,22,0,2260
2493,499,32,1,2037
2494,198,28,1,1949
2495,1635,33,0,2190
2496,1656,26,0,2342
2497,696,20,0,2141
2498,796,28,1,1769
2499,275,29,1,2506
2500,895,16,0,308
2501,1662,16,0,702
2502,1927,16,0,2272
2503,1999,34,0,913
2504,1502,35,0,1639
2505,1141,16,0,1037
2506,1832,32,0,2329
2507,165,32,1,2198
2508,2242,24,1,964
2509,2020,23,1,248
2510,2728,30,0,7
2511,2136,15,0,1535
2512,2605,23,1,1104
2513,271,17,1,2832
2514,1942,15,1,2588
2515,920,32,1,2199
2516,268,30,0,1501
2517,1229,19,0,2657
2518,420,29,1,2764
2519,2476,29,1,2175
2520,2759,25,1,625
2521,1626,21,0,1503
2522,309,31,1,2082
2523,911,32,1,400
2524,2593,25,1,1324
2525,1659,30,0,865
2526,484,32,0,2494
2527,2245,35,1,4
2528,684,17,0,419
2529,1152,21,1,602
2530,1825,22,0,1455
2531,958,26,1,14
2532,32,18,0,2069
2533,2638,25,0,290
2534,2385,26,0,579
2535,1681,16,1,1216
2536,2039,31,0,2183
2537,1989,18,1,1820
2538,700,20,0,2348
2539,674,33,0,96
2540,2302,18,0,2127
2541,2973,35,0,432
2542,2163,28,1,701
2543,1998,29,1,1576
2544,639,16,0,2703
2545,2434,27,0,2689
2546,2315,30,0,2636
2547,2483,25,1,584
2548,100,27,1,150
2549,2175,18,1,238
2550,2371,25,1,2221
2551,668,27,1,450
2552,2209,35,0,785
2553,2333,32,1,2106
2554,2448,15,1,461
2555,90,18,0,97
2556,1005,25,0,781
2557,752,23,0,231
2558,2416,33,0,172
2559,1947,22,1,2362
2560,1565,33,1,486
2561,2218,18,1,884
2562,1320,27,1,475
2563,1281,19,0,1981
2564,1016,32,1,1537
2565,2495,30,0,1018
2566,1203,35,1,916
2567,2022,33,0,1899
2568,913,35,0,1945
2569,1144,25,0,2565
2570,2944,20,0,2996
2571,1799,33,0,1886
2572,423,28,0,2851
2573,2825,24,1,1239
2574,339,30,0,177
2575,1240,17,0,57
2576,2867,21,0,684
2577,602,15,1,661
2578,1256,28,0,767
2579,2370,17,0,2478
2580,3,22,0,2344
2581,617,23,1,547
2582,208,33,1,2653
2583,1033,20,1,2773
2584,149,32,1,2795
2585,1405,23,1,1791
2586,2393,30,1,1030
2587,77,18,1,2497
2588,588,26,0,1816
2589,1803,20,1,1013
2590,1979,33,1,436
2591,896,15,1,120
2592,2610,16,1,2702
2593,599,18,0,1245
2594,1341,17,1,3
2595,643,19,0,1499
2596,2559,17,0,2360
2597,1944,25,0,815
2598,1249,33,0,2970
2599,1044,17,1,1971
2600,344,19,0,2220
2601,1848,33,1,680
2602,826,31,0,2021
2603,766,16,1,1975
2604,1552,22,1,1272
2605,2078,24,1,803
2606,97,22,1,1090
2607,2615,30,1,2544
2608,2262,15,1,9
2609,2960,19,1,1779
2610,2711,17,0,182
2611,7,22,1,1796
2612,1323,23,0,1782
2613,345,30,0,2049
2614,2717,33,1,344
2615,2420,19,0,408
2616,1121,23,0,1757
2617,2415,23,1,403
2618,1139,24,0,828
2619,1367,30,0,966
2620,2106,34,0,1990
2621,1797,32,0,1626
2622,732,32,0,2115
2623,2285,16,0,53
2624,897,22,0,2013
2625,1401,21,0,1573
2626,2354,26,0,2714
2627,2001,33,0,269
2628,2032,35,0,1543
2629,740,20,1,1506
2630,2343,23,1,280
2631,761,22,0,1127
2632,2479,19,0,787
2633,2631,29,0,2081
2634,67,16,1,827
2635,1231,20,1,1483
2636,2299,28,1,1469
2637,2691,31,0,1719
2638,1024,22,0,1611
2639,620,34,0,1181
2640,1870,30,1,1897
2641,1481,33,1,1079
2642,448,17,0,2039
2643,2450,23,1,2886
2644,2788,26,0,2485
2645,1351,26,1,260
2646,1782,20,0,2181
2647,2790,28,0,1565
2648,882,34,0,941
2649,1132,29,0,1297
2650,234,16,0,1391
2651,1750,15,1,2019
2652,2617,34,1,2234
2653,2157,27,1,2393
2654,2137,32,1,2286
2655,2949,34,0,2893
2656,1526,31,1,585
2657,2229,30,1,315
2658,1785,17,1,2263
2659,399,31,0,798
2660,567,27,1,221
2661,2012,32,1,371
2662,471,27,0,1226
2663,89,22,0,1314
2664,2836,21,0,1137
2665,460,19,1,630
2666,2927,22,0,1293
2667,115,26,1,1815
2668,2916,25,1,1060
2669,1214,25,0,2929
2670,1169,15,0,1890
2671,1489,32,1,1169
2672,2408,19,0,1907
2673,1742,28,0,1194
2674,432,34,0,1031
2675,2849,15,1,2640
2676,180,33,1,0
2677,1383,19,0,1471
2678,2762,18,1,2555
2679,2816,19,0,1038
2680,820,33,1,626
2681,1449,35,0,1218
2682,1106,28,1,1286
2683,1495,28,1,225
2684,2952,27,0,682
2685,259,19,0,1423
2686,2226,34,1,2962
2687,1458,26,0,2573
2688,2968,27,1,2063
2689,1902,24,1,1017
2690,2831,19,0,2860
2691,379,23,1,112
2692,1339,19,1,1440
2693,1426,30,0,696
2694,841,30,1,2791
2695,155,25,0,369
2696,2655,22,0,2953
2697,951,18,0,312
2698,1482,16,0,2830
2699,624,18,0,1133
2700,1216,23,0,2697
2701,2183,15,1,2947
2702,245,30,1,620
2703,250,23,0,84
2704,1737,31,1,463
2705,302,21,0,1115
2706,2007,19,0,711
2707,583,25,1,2156
2708,903,19,0,1955
2709,1886,23,0,1292
2710,690,20,1,1131
2711,1611,34,0,1640
2712,968,32,0,596
2713,265,17,1,1305
2714,768,22,1,2219
2715,817,27,0,1059
2716,1602,31,1,961
2717,654,27,1,75
2718,1980,29,1,2502
2719,946,22,1,1403
2720,1156,26,1,2630
2721,1975,23,0,1367
2722,2010,25,0,1429
2723,1813,35,1,2778
2724,257,23,1,1755
2725,1052,25,0,2759
2726,980,34,1,313
2727,21,33,0,2910
2728,2591,20,1,1224
2729,1119,27,0,2154
2730,741,26,1,1595
2731,2387,26,1,907
2732,1608,31,1,955
2733,2672,15,0,1124
2734,1712,34,0,1536
2735,396,15,1,2734
2736,2590,23,1,917
2737,24,16,0,439
2738,2732,15,0,1465
2739,2173,31,1,2974
2740,351,18,1,1523
2741,939,25,0,1395
2742,1455,33,1,2230
2743,1670,24,0,1022
2744,933,18,0,2480
2745,1581,28,1,2515
2746,167,30,1,1106
2747,2193,27,0,1406
2748,1317,30,1,1811
2749,450,23,0,983
2750,2304,24,0,2433
2751,1702,32,0,2976
2752,727,26,0,2679
2753,2548,34,1,2964
2754,2980,30,0,2727
2755,1066,32,0,2566
2756,2153,16,1,2721
2757,2530,25,0,2018
2758,717,20,0,1475
2759,1533,31,1,113
2760,1933,31,0,1166
2761,2584,21,0,2986
2762,986,28,1,1545
2763,1108,32,1,1730
2764,212,21,1,473
2765,394,19,1,2005
2766,474,31,1,155
2767,853,34,0,1046
2768,1511,19,1,140
2769,1467,31,1,1768
2770,501,18,0,497
2771,2993,31,1,34
2772,704,26,1,1547
2773,385,19,1,2258
2774,1459,24,0,1010
2775,2269,20,0,2321
2776,1232,27,1,708
2777,1377,29,1,530
2778,1812,19,0,164
2779,635,26,0,2473
2780,1578,24,0,844
2781,2379,25,1,2096
2782,2690,30,0,1610
2783,2268,23,1,1702
2784,2537,25,0,611
2785,383,25,1,1701
2786,2716,21,1,1842
2787,1508,20,0,2790
2788,779,21,1,629
2789,1083,25,1,2265
2790,2851,27,1,912
2791,1009,27,0,2911
2792,1497,22,0,1374
2793,2227,33,0,978
2794,2509,31,1,1660
2795,2367,33,1,1209
2796,1616,34,1,2317
2797,2760,28,0,2744
2798,2545,17,1,998
2799,2070,34,1,2671
2800,209,15,0,1570
2801,577,15,0,2992
2802,2647,26,1,1584
2803,2147,24,1,789
2804,2596,16,1,960
2805,1769,28,1,1359
2806,2068,18,0,1881
2807,1145,35,1,171
2808,1460,32,1,129
2809,482,18,0,176
2810,1251,21,1,68
2811,1427,17,1,2613
2812,1125,27,1,650
2813,292,27,0,1069
2814,137,15,0,126
2815,215,25,1,580
2816,1808,33,1,2902
2817,2682,32,1,1193
2818,524,20,0,2090
2819,614,30,1,301
2820,1278,27,1,2477
2821,486,15,1,1103
2822,940,31,1,1271
2823,1348,28,0,1589
2824,587,34,1,28
2825,2811,25,1,457
2826,2328,17,1,58
2827,1945,32,0,1034
2828,2427,19,0,929
2829,1729,34,0,2914
2830,12,22,0,1609
2831,402,31,1,1964
2832,2485,21,0,444
2833,1789,17,1,739
2834,697,31,1,806
2835,1606,17,0,1056
2836,675,31,1,1304
2837,2133,35,1,632
2838,562,18,0,2659
2839,1273,29,0,2625
2840,2787,27,0,1498
2841,2286,20,0,1105
2842,1352,26,1,2093
2843,1655,21,0,2894
2844,1450,22,1,1493
2845,798,29,0,849
2846,1310,27,1,1799
2847,2551,23,1,2609
2848,2620,31,0,783
2849,2704,25,0,694
2850,2904,30,1,273
2851,393,23,1,2696
2852,2837,25,1,728
2853,73,28,1,969
2854,1488,18,0,1161
2855,1084,19,0,1566
2856,1253,35,1,2268
2857,2162,16,0,31
2858,1802,26,0,1918
2859,2061,17,1,2307
2860,1150,29,1,935
2861,1811,27,1,2769
2862,2092,29,1,2271
2863,2264,25,0,2189
2864,2542,35,0,355
2865,2641,20,1,582
2866,146,19,1,372
2867,2310,25,1,878
2868,2324,26,0,1179
2869,790,27,1,332
2870,1215,19,0,606
2871,2179,21,0,2879
2872,1011,33,0,2164
2873,2715,32,1,46
2874,1800,27,0,2145
2875,2300,24,0,872
2876,2047,28,1,2852
2877,2017,23,1,2010
2878,1419,16,0,2787
2879,1698,21,0,1473
2880,2692,27,1,1939
2881,805,33,0,965
2882,1382,16,0,699
2883,2761,31,0,454
2884,374,22,1,2688
2885,2447,35,1,2594
2886,1220,30,1,1564
2887,54,20,1,2116
2888,877,28,0,643
2889,645,18,1,833
2890,699,27,0,118
2891,329,26,0,2339
2892,412,22,1,981
2893,2050,15,0,1257
2894,1943,21,0,2282
2895,2961,30,1,2834
2896,1430,27,1,2140
2897,1280,22,0,1876
2898,1198,28,0,2052
2899,1235,35,1,2692
2900,966,30,1,1643
2901,2166,27,1,2918
2902,2462,27,1,2102
2903,916,18,1,2207
2904,2945,27,0,1968
2905,114,24,1,2942
2906,1255,17,0,2628
2907,2307,34,1,2436
2908,2464,19,0,1913
2909,1463,35,0,1081
2910,925,34,0,550
2911,1564,27,1,2701
2912,2859,22,0,2999
2913,2314,31,0,1756
2914,1470,33,0,1855
2915,2421,20,1,1871
2916,1620,32,0,2997
2917,1763,19,0,2691
2918,1657,25,1,1360
2919,1195,17,1,1966
2920,1703,16,0,622
2921,1424,25,1,1836
2922,2978,27,1,1762
2923,1396,21,0,616
2924,551,18,0,1911
2925,810,24,1,124
2926,2405,20,1,2099
2927,1301,26,1,1682
2928,2276,16,0,1645
2929,2205,26,0,1328
2930,950,28,0,1848
2931,2779,17,0,1995
2932,984,34,1,217
2933,526,29,0,677
2934,1075,25,0,648
2935,1193,35,0,2353
2936,2679,23,1,592
2937,2167,28,1,1214
2938,685,18,0,2236
2939,2134,18,0,2388
2940,1012,22,1,928
2941,2940,18,1,33
2942,1568,19,0,2873
2943,2547,23,0,2451
2944,1638,23,0,168
2945,1188,18,0,942
2946,2063,18,0,2300
2947,161,33,1,2967
2948,2864,17,0,1064
2949,2793,35,1,2105
2950,545,28,1,2468
2951,1911,32,1,2740
2952,1026,21,1,235
2953,610,35,0,1957
2954,324,25,1,763
2955,326,18,1,1400
2956,1871,31,1,1863
2957,2057,33,1,1868
2958,1062,29,1,1467
2959,2435,24,1,1706
2960,1781,25,0,1767
2961,1399,23,1,1019
2962,1956,18,0,2780
2963,62,33,1,671
2964,755,16,1,2101
2965,2407,26,0,599
2966,1784,21,1,997
2967,1379,34,0,568
2968,203,18,0,2383
2969,1603,34,1,1490
2970,2254,20,0,1684
2971,2999,35,1,1274
2972,917,28,0,2094
2973,188,31,0,1494
2974,2360,22,1,2539
2975,445,28,0,226
2976,2921,33,1,1480
2977,659,18,0,2732
2978,651,26,1,233
2979,2938,27,1,2246
2980,2714,23,1,891
2981,2891,20,0,320
2982,2625,35,0,2952
2983,476,35,0,406
2984,1735,35,1,2631
2985,2329,16,1,2977
2986,2132,26,1,201
2987,129,17,1,1727
2988,1917,22,1,600
2989,2619,22,1,1531
2990,94,27,0,145
2991,1816,24,0,664
2992,521,20,0,1650
2993,2194,31,0,1824
2994,1530,16,1,193
2995,2176,32,1,1150
2996,1155,21,0,1996
2997,414,33,1,1436
2998,2151,20,1,2311
2999,974,15,1,1125
